Workbook

Sheet BoM
A1: Stock unit = 1 Carton, comprising | C1: 24 | D1: Shields
B3: Item | C3: Current spec | D3: Quantity / units | E3: Shield | F3: Carton | G3: Backflush / Carton
B5: Visor | C5: 200um PET | E5: 1 | G5: =E5*$C$1 -> 24
B6: Elastic | C6: White elastic | D6: 0.345 | E6: 1 | G6: =E6*$C$1 -> 24
B7: Foam | C7: White medical grade | D7: 28x230 | E7: 1 | G7: =E7*$C$1 -> 24
B8: Staple | C8: 26/6 | D8: 1 | E8: 2 | G8: =E8*$C$1 -> 48
B9: Product Label | C9: Avery L4731 | D9: 1 | E9: 2 | G9: =E9*$C$1 -> 48
B10: Bag | C10: 300x400 PP | D10: 1 | E10: 1 | G10: =E10*$C$1 -> 24
B11: Carton | C11: Suttons 300x450x350 | D11: 1 | F11: 1 | G11: 1
B12: Carton label | C12: Q connect 8up 67.5x99 | D12: 1 | F12: 1 | G12: 1
B13: Tape | C13: Brown packing 3", 33m | D13: 1.1 | F13: 1 | G13: 1.1

Sheet TX
A1: Date Ordered mm/dd | B1: Our Order Reference | C1: Due Date mm/dd | D1: ACTUAL Date Delivered mm/dd | E1: We bought for | F1: Form | G1: QTY | H1: Shields per | I1: Total shields
A2: 43834 | C2: 43921 | D2: 43923 | E2: Visor | F2: Roll | G2: 100 | H2: 2 | I2: =H2*G2 -> 200
A3: 43834 | C3: 43921 | D3: 43923 | E3: Visor | F3: Sheet | G3: 100 | H3: 2 | I3: =H3*G3 -> 200
E4: Foam | F4: Sheet | G4: 1 | H4: 270 | I4: =H4*G4 -> 270
E5: Elastic | F5: Roll | I5: =H5*G5 -> 0
E6: Staple | F6: Box | G6: 2000 | H6: 0.5 | I6: =H6*G6 -> 1000
E7: Product Label | F7: Sheet | G7: =25*189 -> 4725 | H7: 0.5 | I7: =H7*G7 -> 2362.5
E8: Bag | H8: 1 | I8: =H8*G8 -> 0
E9: Carton | H9: 24 | I9: =H9*G9 -> 0
E10: Carton label | H10: 24 | I10: =H10*G10 -> 0
E11: Tape | H11: 24 | I11: =H11*G11 -> 0
E12: Elastic | I12: =H12*G12 -> 0

Sheet SUMMARY
A1: =today() -> 43925 | C1: Total Received | D1: Total backflushed | E1: On Hand Stock Predicted | F1: OHS LAST COUNT | G1: Forward Order | H1: FO Outstanding
B2: =BoM!B5 -> Visor | C2: =SUMIFS(TX!$I$2:$I$2000,TX!$D$2:$D$2000,"<>0",TX!$E$2:$E$2000,$B2) -> 400 | D2: {=Runrate!C$3*INDEX(BoM!$B$5:$G$14,MATCH($B2,BoM!$B$5:$B$14,0),6)} -> 768 | E2: =C2-D2 -> -368 | F2: =Runrate!C5 -> 222 | G2: =SUMIFS(TX!$I$2:$I$2000,TX!$D$2:$D$2000,"",TX!$E$2:$E$2000,$B2) -> 0 | H2: =SUMIFS(TX!$I$2:$I$2000,TX!$D$2:$D$2000,"",TX!$E$2:$E$2000,$B2,TX!$C$2:$C$2000,"<="&$A$1) -> 0
B3: =BoM!B6 -> Elastic | C3: =SUMIFS(TX!$I$2:$I$2000,TX!$D$2:$D$2000,"<>0",TX!$E$2:$E$2000,$B3) -> 0 | D3: {=Runrate!C$3*INDEX(BoM!$B$5:$G$14,MATCH($B3,BoM!$B$5:$B$14,0),6)} -> 768 | E3: =C3-D3 -> -768 | F3: =Runrate!C6 -> 13 | G3: =SUMIFS(TX!$I$2:$I$2000,TX!$D$2:$D$2000,"",TX!$E$2:$E$2000,$B3) -> 0 | H3: =SUMIFS(TX!$I$2:$I$2000,TX!$D$2:$D$2000,"",TX!$E$2:$E$2000,$B3,TX!$C$2:$C$2000,"<="&$A$1) -> 0
B4: =BoM!B7 -> Foam | C4: =SUMIFS(TX!$I$2:$I$2000,TX!$D$2:$D$2000,"<>0",TX!$E$2:$E$2000,$B4) -> 0 | D4: {=Runrate!C$3*INDEX(BoM!$B$5:$G$14,MATCH($B4,BoM!$B$5:$B$14,0),6)} -> 768 | E4: =C4-D4 -> -768 | F4: =Runrate!C7 | G4: =SUMIFS(TX!$I$2:$I$2000,TX!$D$2:$D$2000,"",TX!$E$2:$E$2000,$B4) -> 270 | H4: =SUMIFS(TX!$I$2:$I$2000,TX!$D$2:$D$2000,"",TX!$E$2:$E$2000,$B4,TX!$C$2:$C$2000,"<="&$A$1) -> 0
B5: =BoM!B8 -> Staple | C5: =SUMIFS(TX!$I$2:$I$2000,TX!$D$2:$D$2000,"<>0",TX!$E$2:$E$2000,$B5) -> 0 | D5: {=Runrate!C$3*INDEX(BoM!$B$5:$G$14,MATCH($B5,BoM!$B$5:$B$14,0),6)} -> 1536 | E5: =C5-D5 -> -1536 | F5: =Runrate!C8 | G5: =SUMIFS(TX!$I$2:$I$2000,TX!$D$2:$D$2000,"",TX!$E$2:$E$2000,$B5) -> 1000 | H5: =SUMIFS(TX!$I$2:$I$2000,TX!$D$2:$D$2000,"",TX!$E$2:$E$2000,$B5,TX!$C$2:$C$2000,"<="&$A$1) -> 0
B6: =BoM!B9 -> Product Label | C6: =SUMIFS(TX!$I$2:$I$2000,TX!$D$2:$D$2000,"<>0",TX!$E$2:$E$2000,$B6) -> 0 | D6: {=Runrate!C$3*INDEX(BoM!$B$5:$G$14,MATCH($B6,BoM!$B$5:$B$14,0),6)} -> 1536 | E6: =C6-D6 -> -1536 | F6: =Runrate!C9 | G6: =SUMIFS(TX!$I$2:$I$2000,TX!$D$2:$D$2000,"",TX!$E$2:$E$2000,$B6) -> 2362.5 | H6: =SUMIFS(TX!$I$2:$I$2000,TX!$D$2:$D$2000,"",TX!$E$2:$E$2000,$B6,TX!$C$2:$C$2000,"<="&$A$1) -> 0
B7: =BoM!B10 -> Bag | C7: =SUMIFS(TX!$I$2:$I$2000,TX!$D$2:$D$2000,"<>0",TX!$E$2:$E$2000,$B7) -> 0 | D7: {=Runrate!C$3*INDEX(BoM!$B$5:$G$14,MATCH($B7,BoM!$B$5:$B$14,0),6)} -> 768 | E7: =C7-D7 -> -768 | F7: =Runrate!C10 | G7: =SUMIFS(TX!$I$2:$I$2000,TX!$D$2:$D$2000,"",TX!$E$2:$E$2000,$B7) -> 0 | H7: =SUMIFS(TX!$I$2:$I$2000,TX!$D$2:$D$2000,"",TX!$E$2:$E$2000,$B7,TX!$C$2:$C$2000,"<="&$A$1) -> 0
B8: =BoM!B11 -> Carton | C8: =SUMIFS(TX!$I$2:$I$2000,TX!$D$2:$D$2000,"<>0",TX!$E$2:$E$2000,$B8) -> 0 | D8: {=Runrate!C$3*INDEX(BoM!$B$5:$G$14,MATCH($B8,BoM!$B$5:$B$14,0),6)} -> 32 | E8: =C8-D8 -> -32 | F8: =Runrate!C11 | G8: =SUMIFS(TX!$I$2:$I$2000,TX!$D$2:$D$2000,"",TX!$E$2:$E$2000,$B8) -> 0 | H8: =SUMIFS(TX!$I$2:$I$2000,TX!$D$2:$D$2000,"",TX!$E$2:$E$2000,$B8,TX!$C$2:$C$2000,"<="&$A$1) -> 0
B9: =BoM!B12 -> Carton label | C9: =SUMIFS(TX!$I$2:$I$2000,TX!$D$2:$D$2000,"<>0",TX!$E$2:$E$2000,$B9) -> 0 | D9: {=Runrate!C$3*INDEX(BoM!$B$5:$G$14,MATCH($B9,BoM!$B$5:$B$14,0),6)} -> 32 | E9: =C9-D9 -> -32 | F9: =Runrate!C12 | G9: =SUMIFS(TX!$I$2:$I$2000,TX!$D$2:$D$2000,"",TX!$E$2:$E$2000,$B9) -> 0 | H9: =SUMIFS(TX!$I$2:$I$2000,TX!$D$2:$D$2000,"",TX!$E$2:$E$2000,$B9,TX!$C$2:$C$2000,"<="&$A$1) -> 0
B10: =BoM!B13 -> Tape | C10: =SUMIFS(TX!$I$2:$I$2000,TX!$D$2:$D$2000,"<>0",TX!$E$2:$E$2000,$B10) -> 0 | D10: {=Runrate!C$3*INDEX(BoM!$B$5:$G$14,MATCH($B10,BoM!$B$5:$B$14,0),6)} -> 35.2 | E10: =C10-D10 -> -35.2 | F10: =Runrate!C13 | G10: =SUMIFS(TX!$I$2:$I$2000,TX!$D$2:$D$2000,"",TX!$E$2:$E$2000,$B10) -> 0 | H10: =SUMIFS(TX!$I$2:$I$2000,TX!$D$2:$D$2000,"",TX!$E$2:$E$2000,$B10,TX!$C$2:$C$2000,"<="&$A$1) -> 0
B11: =BoM!B14 | C11: =SUMIFS(TX!$I$2:$I$2000,TX!$D$2:$D$2000,"<>0",TX!$E$2:$E$2000,$B11) -> 0 | D11: {=Runrate!C$3*INDEX(BoM!$B$5:$G$14,MATCH($B11,BoM!$B$5:$B$14,0),6)} -> #N/A | E11: =C11-D11 -> #N/A | F11: =Runrate!C14 | G11: =SUMIFS(TX!$I$2:$I$2000,TX!$D$2:$D$2000,"",TX!$E$2:$E$2000,$B11) -> 0 | H11: =SUMIFS(TX!$I$2:$I$2000,TX!$D$2:$D$2000,"",TX!$E$2:$E$2000,$B11,TX!$C$2:$C$2000,"<="&$A$1) -> 0
C12: =SUMIFS(TX!$I$2:$I$2000,TX!$D$2:$D$2000,"<>0",TX!$E$2:$E$2000,$B12) -> 0 | D12: {=Runrate!C$3*INDEX(BoM!$B$5:$G$14,MATCH($B12,BoM!$B$5:$B$14,0),6)} -> #N/A | E12: =C12-D12 -> #N/A | F12: =Runrate!C15 | G12: =SUMIFS(TX!$I$2:$I$2000,TX!$D$2:$D$2000,"",TX!$E$2:$E$2000,$B12) -> 0 | H12: =SUMIFS(TX!$I$2:$I$2000,TX!$D$2:$D$2000,"",TX!$E$2:$E$2000,$B12,TX!$C$2:$C$2000,"<="&$A$1) -> 0

Sheet Runrate
C2: ACTIVITY DATE | D2: 43923 | E2: 43924 | F2: 43925 | G2: 43926 | H2: 43927
A3: How many you made | B3: 1. Production Backflushed | C3: =sum(D3:G3) -> 32 | D3: 32
A4: What physical stock left at end of day | B4: 2. Inventory | C4: OHS | D4: =if(and(sum(E$5:$ZZ5)=0,sum(D5:D14)<>0),"LAST COUNT","") -> LAST COUNT | E4: =if(and(sum(F$5:$ZZ5)=0,sum(E5:E14)<>0),"LAST COUNT","") | F4: =if(and(sum(G$5:$ZZ5)=0,sum(F5:F14)<>0),"LAST COUNT","") | G4: =if(and(sum(H$5:$ZZ5)=0,sum(G5:G14)<>0),"LAST COUNT","") | H4: =if(and(sum(I$5:$ZZ5)=0,sum(H5:H14)<>0),"LAST COUNT","")
B5: Visor | C5: =index($D$4:ZZ14,row(B5)-3,match("LAST COUNT", $D$4:$ZZ$4,0)) -> 222 | D5: 222
B6: Elastic | C6: =index($D$4:ZZ15,row(B6)-3,match("LAST COUNT", $D$4:$ZZ$4,0)) -> 13 | D6: 13
B7: Foam | C7: =index($D$4:ZZ16,row(B7)-3,match("LAST COUNT", $D$4:$ZZ$4,0))
B8: Staple | C8: =index($D$4:ZZ17,row(B8)-3,match("LAST COUNT", $D$4:$ZZ$4,0))
B9: Product Label | C9: =index($D$4:ZZ18,row(B9)-3,match("LAST COUNT", $D$4:$ZZ$4,0))
B10: Bag | C10: =index($D$4:ZZ19,row(B10)-3,match("LAST COUNT", $D$4:$ZZ$4,0))
B11: Carton | C11: =index($D$4:ZZ20,row(B11)-3,match("LAST COUNT", $D$4:$ZZ$4,0))
B12: Carton label | C12: =index($D$4:ZZ21,row(B12)-3,match("LAST COUNT", $D$4:$ZZ$4,0))
B13: Tape | C13: =index($D$4:ZZ22,row(B13)-3,match("LAST COUNT", $D$4:$ZZ$4,0))
